num,pday,pTempMax_Deg,pTempMin_Deg,pWind_kmh,pWet_percent,pVisibility_km,pCloudCoverage_percent,pDayduration_hour,pregion,pTempMax_Deg_1,pTempMin_Deg_1,pWind_kmh_1,pWet_percent_1,pVisibility_km_1,pCloudCoverage_percent_1,pDayduration_hour_1
0,2010-03-12,10,1,14,73,10,18,11:44:0,languedoc-roussillon,10,1,14,73,10,18,11:44:0
1,2010-03-16,16,6,17,74,10,6,11:57:0,languedoc-roussillon,16,6,17,74,10,6,11:57:0
2,2010-03-29,18,11,10,77,10,18,12:34:0,corse,18,11,10,77,10,18,12:34:0
3,2010-04-06,17,8,15,77,10,24,12:56:0,corse,17,8,15,77,10,24,12:56:0
4,2010-04-09,20,11,17,81,10,7,13:9:0,languedoc-roussillon,20,11,17,81,10,7,13:9:0
5,2010-05-26,20,16,16,85,10,11,15:4:0,languedoc-roussillon,20,16,16,85,10,11,15:4:0
6,2010-05-31,22,19,31,73,10,30,15:11:0,languedoc-roussillon,22,19,31,73,10,30,15:11:0
7,2010-05-31,20,18,44,72,10,18,15:9:0,provence-alpes-c-te-d-azur,20,18,44,72,10,18,15:9:0
8,2010-05-31,20,18,44,72,10,18,15:9:0,provence-alpes-c-te-d-azur,20,18,44,72,10,18,15:9:0
9,2010-06-28,28,21,11,75,9.875,13,15:25:0,languedoc-roussillon,28,21,11,75,9.875,13,15:25:0
10,2010-07-06,28,22,19,69,10,1,15:18:0,languedoc-roussillon,28,22,19,69,10,1,15:18:0
11,2010-07-08,28,24,17,67,10,6,15:16:0,languedoc-roussillon,28,24,17,67,10,6,15:16:0
12,2010-07-24,28,19,24,65,10,17,14:51:0,languedoc-roussillon,28,19,24,65,10,17,14:51:0
13,2010-07-24,27,19,45,61,10,7,14:49:0,provence-alpes-c-te-d-azur,27,19,45,61,10,7,14:49:0
14,2010-07-26,27,21,22,67,10,16,14:47:0,languedoc-roussillon,27,21,22,67,10,16,14:47:0
15,2010-07-26,27,21,22,67,10,16,14:47:0,languedoc-roussillon,27,21,22,67,10,16,14:47:0
16,2010-07-29,28,22,26,72,10,17,14:40:0,languedoc-roussillon,28,22,26,72,10,17,14:40:0
17,2010-07-31,28,19,14,64,10,2,14:36:0,languedoc-roussillon,28,19,14,64,10,2,14:36:0
18,2010-08-11,29,20,15,57,9.875,18,14:9:0,languedoc-roussillon,29,20,15,57,9.875,18,14:9:0
19,2010-08-17,27,17,19,69,10,0,13:55:0,languedoc-roussillon,27,17,19,69,10,0,13:55:0
20,2010-08-28,26,17,26,86,9,9,13:19:0,corse,26,17,26,86,9,9,13:19:0
21,2010-08-28,27,20,24,70,10,2,13:25:0,languedoc-roussillon,27,20,24,70,10,2,13:25:0
22,2010-08-28,26,17,26,86,9,9,13:19:0,corse,26,17,26,86,9,9,13:19:0
23,2010-08-28,27,20,24,70,10,2,13:25:0,languedoc-roussillon,27,20,24,70,10,2,13:25:0
24,2010-08-29,26,19,12,78,10,14,13:16:0,corse,26,19,12,78,10,14,13:16:0
25,2010-08-30,25,16,27,61,10,2,13:18:0,languedoc-roussillon,25,16,27,61,10,2,13:18:0
26,2010-08-30,25,16,27,61,10,2,13:18:0,languedoc-roussillon,25,16,27,61,10,2,13:18:0
27,2010-08-30,25,16,27,61,10,2,13:18:0,languedoc-roussillon,25,16,27,61,10,2,13:18:0
28,2010-08-30,23,16,47,67,10,1,13:18:0,provence-alpes-c-te-d-azur,23,16,47,67,10,1,13:18:0
29,2010-08-30,25,16,27,61,10,2,13:18:0,languedoc-roussillon,25,16,27,61,10,2,13:18:0
30,2010-08-30,23,16,47,67,10,1,13:18:0,provence-alpes-c-te-d-azur,23,16,47,67,10,1,13:18:0
31,2010-08-30,25,16,27,61,10,2,13:18:0,languedoc-roussillon,25,16,27,61,10,2,13:18:0
32,2010-08-30,25,16,27,61,10,2,13:18:0,languedoc-roussillon,25,16,27,61,10,2,13:18:0
33,2010-08-30,23,16,47,67,10,1,13:18:0,provence-alpes-c-te-d-azur,23,16,47,67,10,1,13:18:0
34,2010-08-31,26,13,15,66,10,1,13:11:0,corse,26,13,15,66,10,1,13:11:0
35,2010-08-31,26,13,15,66,10,1,13:11:0,corse,26,13,15,66,10,1,13:11:0
36,2010-08-31,26,14,24,69,10,0,13:15:0,languedoc-roussillon,26,14,24,69,10,0,13:15:0
37,2010-08-31,26,14,24,69,10,0,13:15:0,languedoc-roussillon,26,14,24,69,10,0,13:15:0
38,2010-08-31,26,14,24,69,10,0,13:15:0,languedoc-roussillon,26,14,24,69,10,0,13:15:0
39,2010-08-31,26,14,24,69,10,0,13:15:0,languedoc-roussillon,26,14,24,69,10,0,13:15:0
40,2010-08-31,26,14,24,69,10,0,13:15:0,languedoc-roussillon,26,14,24,69,10,0,13:15:0
41,2010-09-03,25,16,8,84,9.75,8,13:3:0,corse,25,16,8,84,9.75,8,13:3:0
42,2010-09-04,29,19,15,69,10,10,13:4:0,languedoc-roussillon,29,19,15,69,10,10,13:4:0
43,2010-09-11,25,15,12,82,10,5,12:41:0,corse,25,15,12,82,10,5,12:41:0
44,2010-09-15,25,18,17,74,10,2,12:32:0,provence-alpes-c-te-d-azur,25,18,17,74,10,2,12:32:0
45,2010-09-16,24,16,18,89,9,28,12:27:0,corse,24,16,18,89,9,28,12:27:0
46,2010-09-20,22,14,12,69,10,8,12:17:0,languedoc-roussillon,22,14,12,69,10,8,12:17:0
47,2010-10-02,22,15,9,87,10,24,11:42:0,corse,22,15,9,87,10,24,11:42:0
48,2010-10-03,21,17,39,92,8.75,41,11:38:0,languedoc-roussillon,21,17,39,92,8.75,41,11:38:0
49,2010-10-04,23,18,20,93,8.5,40,11:37:0,corse,23,18,20,93,8.5,40,11:37:0
50,2010-12-10,13,4,11,84,10,7,9:12:0,corse,13,4,11,84,10,7,9:12:0
51,2010-12-10,13,4,11,84,10,7,9:12:0,corse,13,4,11,84,10,7,9:12:0
52,2011-02-08,14,7,7,85,10,0,10:12:0,languedoc-roussillon,14,7,7,85,10,0,10:12:0
53,2011-02-09,13,7,9,76,10,,10:14:0,languedoc-roussillon,13,7,9,76,10,,10:14:0
54,2011-02-12,13,7,11,91,10,23,10:22:0,languedoc-roussillon,13,7,11,91,10,23,10:22:0
55,2011-02-12,13,7,11,91,10,23,10:22:0,languedoc-roussillon,13,7,11,91,10,23,10:22:0
56,2011-02-28,11,5,28,74,10,32,11:7:0,languedoc-roussillon,11,5,28,74,10,32,11:7:0
57,2011-03-02,13,6,14,77,10,44,11:14:0,languedoc-roussillon,13,6,14,77,10,44,11:14:0
58,2011-03-06,12,6,27,68,9.875,56,11:25:0,languedoc-roussillon,12,6,27,68,9.875,56,11:25:0
59,2011-03-07,14,7,26,76,10,16,11:28:0,languedoc-roussillon,14,7,26,76,10,16,11:28:0
60,2011-03-10,14,6,13,83,10,5,11:37:0,languedoc-roussillon,14,6,13,83,10,5,11:37:0
61,2011-03-11,14,7,16,89,10,21,11:40:0,languedoc-roussillon,14,7,16,89,10,21,11:40:0
62,2011-03-24,17,11,8,71,10,0,12:20:0,languedoc-roussillon,17,11,8,71,10,0,12:20:0
63,2011-04-08,20,8,14,95,7.75,14,13:8:0,rh-ne-alpes,20,8,14,95,7.75,14,13:8:0
64,2011-04-11,23,13,18,79,10,4,13:14:0,languedoc-roussillon,23,13,18,79,10,4,13:14:0
65,2011-04-13,18,12,15,88,10,16,13:14:0,corse,18,12,15,88,10,16,13:14:0
66,2011-04-18,18,11,10,72,10,4,13:28:0,corse,18,11,10,72,10,4,13:28:0
67,2011-05-16,23,14,23,64,10,5,14:44:0,languedoc-roussillon,23,14,23,64,10,5,14:44:0
68,2011-05-24,28,19,13,69,9.875,6,14:59:0,languedoc-roussillon,28,19,13,69,9.875,6,14:59:0
69,2011-05-27,22,15,24,85,9.125,27,15:5:0,languedoc-roussillon,22,15,24,85,9.125,27,15:5:0
70,2011-06-19,21,18,25,64,10,1,15:14:0,corse,21,18,25,64,10,1,15:14:0
71,2011-06-19,21,18,25,64,10,1,15:14:0,corse,21,18,25,64,10,1,15:14:0
72,2011-06-19,22,15,36,68,10,1,15:24:0,provence-alpes-c-te-d-azur,22,15,36,68,10,1,15:24:0
73,2011-06-25,29,18,15,74,10,1,15:24:0,provence-alpes-c-te-d-azur,29,18,15,74,10,1,15:24:0
74,2011-06-28,26,22,15,75,10,5,15:25:0,languedoc-roussillon,26,22,15,75,10,5,15:25:0
75,2011-06-30,27,18,23,64,10,1,15:24:0,languedoc-roussillon,27,18,23,64,10,1,15:24:0
76,2011-06-30,24,18,38,77,10,1,15:22:0,provence-alpes-c-te-d-azur,24,18,38,77,10,1,15:22:0
77,2011-07-01,23,16,37,76,10,3,15:20:0,provence-alpes-c-te-d-azur,23,16,37,76,10,3,15:20:0
78,2011-07-08,28,25,11,72,10,2,15:5:0,corse,28,25,11,72,10,2,15:5:0
79,2011-07-20,24,17,28,70,10,9,14:59:0,languedoc-roussillon,24,17,28,70,10,9,14:59:0
80,2011-07-23,23,19,29,71,10,13,14:43:0,corse,23,19,29,71,10,13,14:43:0
81,2011-08-08,25,19,29,67,10,19,14:18:0,languedoc-roussillon,25,19,29,67,10,19,14:18:0
82,2011-08-09,25,16,30,70,10,8,14:16:0,languedoc-roussillon,25,16,30,70,10,8,14:16:0
83,2011-08-09,25,16,30,70,10,8,14:16:0,languedoc-roussillon,25,16,30,70,10,8,14:16:0
84,2011-08-10,26,19,9,64,10,2,14:5:0,corse,26,19,9,64,10,2,14:5:0
85,2011-08-10,26,19,9,64,10,2,14:5:0,corse,26,19,9,64,10,2,14:5:0
86,2011-08-13,28,20,22,63,10,12,14:5:0,languedoc-roussillon,28,20,22,63,10,12,14:5:0
87,2011-08-16,27,21,13,83,10,5,13:51:0,corse,27,21,13,83,10,5,13:51:0
88,2011-08-21,28,23,14,82,10,3,13:45:0,languedoc-roussillon,28,23,14,82,10,3,13:45:0
89,2011-08-27,24,20,28,75,10,13,13:23:0,corse,24,20,28,75,10,13,13:23:0
90,2011-08-27,24,20,28,75,10,13,13:23:0,corse,24,20,28,75,10,13,13:23:0
91,2011-08-30,27,18,16,69,10,6,13:20:0,languedoc-roussillon,27,18,16,69,10,6,13:20:0
92,2011-09-05,26,18,20,72,9.875,17,13:2:0,languedoc-roussillon,26,18,20,72,9.875,17,13:2:0
93,2011-09-06,24,19,12,71,10,2,12:56:0,corse,24,19,12,71,10,2,12:56:0
94,2011-09-08,25,20,14,85,10,2,12:50:0,corse,25,20,14,85,10,2,12:50:0
95,2011-09-09,30,20,15,75,10,2,12:51:0,languedoc-roussillon,30,20,15,75,10,2,12:51:0
96,2011-09-10,25,21,18,89,10,14,12:48:0,languedoc-roussillon,25,21,18,89,10,14,12:48:0
97,2011-09-11,28,22,9,87,10,3,12:42:0,corse,28,22,9,87,10,3,12:42:0
98,2011-09-22,30,16,10,64,10,8,12:12:0,languedoc-roussillon,30,16,10,64,10,8,12:12:0
99,2011-10-03,30,18,10,53,10,0,11:39:0,languedoc-roussillon,30,18,10,53,10,0,11:39:0
100,2011-10-05,24,17,9,86,10,2,11:36:0,corse,24,17,9,86,10,2,11:36:0
101,2011-10-05,29,17,14,82,10,0,11:33:0,languedoc-roussillon,29,17,14,82,10,0,11:33:0
102,2011-10-05,29,17,14,82,10,0,11:33:0,languedoc-roussillon,29,17,14,82,10,0,11:33:0
103,2011-10-06,24,17,13,81,10,4,11:32:0,corse,24,17,13,81,10,4,11:32:0
104,2011-10-07,21,17,35,83,9.875,27,11:29:0,corse,21,17,35,83,9.875,27,11:29:0
105,2011-10-07,21,17,35,83,9.875,27,11:29:0,corse,21,17,35,83,9.875,27,11:29:0
106,2011-10-07,21,17,35,83,9.875,27,11:29:0,corse,21,17,35,83,9.875,27,11:29:0
107,2011-10-07,21,17,35,83,9.875,27,11:29:0,corse,21,17,35,83,9.875,27,11:29:0
108,2011-10-07,19,15,31,67,10,9,11:28:0,languedoc-roussillon,19,15,31,67,10,9,11:28:0
109,2011-10-08,20,13,16,67,9.875,8,11:27:0,corse,20,13,16,67,9.875,8,11:27:0
110,2011-10-08,19,12,36,68,10,10,11:24:0,languedoc-roussillon,19,12,36,68,10,10,11:24:0
111,2011-10-08,19,12,36,68,10,10,11:24:0,languedoc-roussillon,19,12,36,68,10,10,11:24:0
112,2011-10-09,20,14,21,62,10,5,11:24:0,corse,20,14,21,62,10,5,11:24:0
113,2011-10-09,20,14,21,62,10,5,11:24:0,corse,20,14,21,62,10,5,11:24:0
114,2011-10-09,20,12,47,78,10,7,11:22:0,provence-alpes-c-te-d-azur,20,12,47,78,10,7,11:22:0
115,2011-10-09,22,14,32,70,10,20,11:21:0,languedoc-roussillon,22,14,32,70,10,20,11:21:0
116,2011-10-11,28,16,18,74,10,0,11:16:0,languedoc-roussillon,28,16,18,74,10,0,11:16:0
117,2011-10-13,24,15,26,72,10,1,11:9:0,languedoc-roussillon,24,15,26,72,10,1,11:9:0
118,2011-10-17,20,14,14,84,10,4,10:58:0,languedoc-roussillon,20,14,14,84,10,4,10:58:0
119,2011-10-18,19,12,12,76,10,1,11:0:0,corse,19,12,12,76,10,1,11:0:0
120,2011-10-20,17,10,24,83,10,9,10:55:0,corse,17,10,24,83,10,9,10:55:0
121,2011-12-15,12,10,28,79,10,11,9:8:0,corse,12,10,28,79,10,11,9:8:0
122,2012-01-06,12,7,45,68,10,3,9:16:0,corse,12,7,45,68,10,3,9:16:0
123,2012-01-15,12,3,8,65,9.75,9,9:27:0,corse,12,3,8,65,9.75,9,9:27:0
124,2012-02-08,4,-5,17,61,10,12,10:10:0,languedoc-roussillon,4,-5,17,61,10,12,10:10:0
125,2012-02-09,7,-2,23,58,10,15,10:14:0,languedoc-roussillon,7,-2,23,58,10,15,10:14:0
126,2012-02-20,9,3,33,63,10,1,10:43:0,languedoc-roussillon,9,3,33,63,10,1,10:43:0
127,2012-02-22,16,3,18,51,10,0,10:49:0,languedoc-roussillon,16,3,18,51,10,0,10:49:0
128,2012-02-23,15,5,15,69,10,8,10:53:0,provence-alpes-c-te-d-azur,15,5,15,69,10,8,10:53:0
129,2012-03-05,12,6,38,63,10,4,11:24:0,languedoc-roussillon,12,6,38,63,10,4,11:24:0
130,2012-03-05,12,6,38,63,10,4,11:24:0,languedoc-roussillon,12,6,38,63,10,4,11:24:0
131,2012-03-08,13,7,44,67,10,11,11:33:0,languedoc-roussillon,13,7,44,67,10,11,11:33:0
132,2012-03-09,14,5,29,65,10,2,11:37:0,languedoc-roussillon,14,5,29,65,10,2,11:37:0
133,2012-03-10,15,5,23,62,10,4,11:41:0,corse,15,5,23,62,10,4,11:41:0
134,2012-03-10,16,5,18,54,10,8,11:40:0,languedoc-roussillon,16,5,18,54,10,8,11:40:0
135,2012-03-10,15,5,23,62,10,4,11:41:0,corse,15,5,23,62,10,4,11:41:0
136,2012-03-22,18,6,20,62,10,24,12:16:0,corse,18,6,20,62,10,24,12:16:0
137,2012-03-28,21,13,8,75,10,1,12:34:0,languedoc-roussillon,21,13,8,75,10,1,12:34:0
138,2012-03-30,22,12,28,58,10,0,12:40:0,languedoc-roussillon,22,12,28,58,10,0,12:40:0
139,2012-03-31,18,6,16,85,10,2,12:41:0,corse,18,6,16,85,10,2,12:41:0
140,2012-03-31,18,6,16,85,10,2,12:41:0,corse,18,6,16,85,10,2,12:41:0
141,2012-04-28,23,19,28,55,10,26,13:56:0,corse,23,19,28,55,10,26,13:56:0
142,2012-04-28,19,14,36,78,9.875,49,14:3:0,languedoc-roussillon,19,14,36,78,9.875,49,14:3:0
143,2012-05-13,22,14,22,63,10,4,14:39:0,languedoc-roussillon,22,14,22,63,10,4,14:39:0
144,2012-06-21,26,20,13,88,9,7,15:14:0,corse,26,20,13,88,9,7,15:14:0
145,2012-06-23,28,18,14,64,10,6,15:26:0,languedoc-roussillon,28,18,14,64,10,6,15:26:0
146,2012-06-25,29,21,26,66,10,8,15:26:0,languedoc-roussillon,29,21,26,66,10,8,15:26:0
147,2012-07-01,30,27,6,60,10,20,15:10:0,corse,30,27,6,60,10,20,15:10:0
148,2012-07-04,26,21,18,70,10,16,15:20:0,languedoc-roussillon,26,21,18,70,10,16,15:20:0
149,2012-07-13,26,21,18,68,10,1,14:58:0,corse,26,21,18,68,10,1,14:58:0
150,2012-07-13,26,21,18,68,10,1,14:58:0,corse,26,21,18,68,10,1,14:58:0
151,2012-07-13,25,19,25,63,10,17,15:9:0,languedoc-roussillon,25,19,25,63,10,17,15:9:0
152,2012-07-15,24,22,26,60,10,0,14:56:0,corse,24,22,26,60,10,0,14:56:0
153,2012-07-16,27,16,22,67,10,1,15:4:0,languedoc-roussillon,27,16,22,67,10,1,15:4:0
154,2012-07-16,26,16,30,73,10,0,15:3:0,provence-alpes-c-te-d-azur,26,16,30,73,10,0,15:3:0
155,2012-07-18,30,21,19,67,10,2,15:1:0,languedoc-roussillon,30,21,19,67,10,2,15:1:0
156,2012-07-19,29,22,16,70,10,11,14:59:0,languedoc-roussillon,29,22,16,70,10,11,14:59:0
157,2012-07-21,24,18,39,75,10,6,14:54:0,provence-alpes-c-te-d-azur,24,18,39,75,10,6,14:54:0
158,2012-07-21,26,18,21,68,9.875,9,14:55:0,languedoc-roussillon,26,18,21,68,9.875,9,14:55:0
159,2012-07-22,26,17,28,62,10,6,14:54:0,languedoc-roussillon,26,17,28,62,10,6,14:54:0
160,2012-07-22,26,17,28,62,10,6,14:54:0,languedoc-roussillon,26,17,28,62,10,6,14:54:0
161,2012-07-23,26,19,14,74,10,11,14:50:0,provence-alpes-c-te-d-azur,26,19,14,74,10,11,14:50:0
162,2012-07-27,26,22,14,82,9.875,4,14:44:0,languedoc-roussillon,26,22,14,82,9.875,4,14:44:0
163,2012-07-28,28,22,10,69,9.625,8,14:41:0,languedoc-roussillon,28,22,10,69,9.625,8,14:41:0
164,2012-08-09,32,21,13,70,10,3,14:14:0,languedoc-roussillon,32,21,13,70,10,3,14:14:0
165,2012-08-13,29,21,15,69,10,13,14:4:0,languedoc-roussillon,29,21,15,69,10,13,14:4:0
166,2012-08-17,30,21,15,60,10,2,13:53:0,languedoc-roussillon,30,21,15,60,10,2,13:53:0
167,2012-08-18,29,23,12,69,10,3,13:50:0,languedoc-roussillon,29,23,12,69,10,3,13:50:0
168,2012-08-20,31,24,9,71,10,1,13:39:0,corse,31,24,9,71,10,1,13:39:0
169,2012-08-24,28,24,19,92,10,23,13:33:0,languedoc-roussillon,28,24,19,92,10,23,13:33:0
170,2012-08-26,25,18,40,73,10,7,13:28:0,provence-alpes-c-te-d-azur,25,18,40,73,10,7,13:28:0
171,2012-08-28,26,21,17,86,7.375,57,13:23:0,languedoc-roussillon,26,21,17,86,7.375,57,13:23:0
172,2012-08-31,21,16,52,77,10,2,13:13:0,provence-alpes-c-te-d-azur,21,16,52,77,10,2,13:13:0
173,2012-08-31,24,21,36,70,10,13,13:10:0,corse,24,21,36,70,10,13,13:10:0
174,2012-09-13,21,14,51,73,10,2,12:36:0,provence-alpes-c-te-d-azur,21,14,51,73,10,2,12:36:0
175,2012-09-13,23,15,31,68,10,14,12:36:0,languedoc-roussillon,23,15,31,68,10,14,12:36:0
176,2012-09-14,26,13,24,71,10,3,12:33:0,languedoc-roussillon,26,13,24,71,10,3,12:33:0
177,2012-11-13,15,7,24,67,10,9,9:44:0,languedoc-roussillon,15,7,24,67,10,9,9:44:0
178,2013-02-03,9,3,41,61,10,10,10:0:0,languedoc-roussillon,9,3,41,61,10,10,10:0:0
179,2013-02-24,4,-2,46,65,5.75,66,10:58:0,provence-alpes-c-te-d-azur,4,-2,46,65,5.75,66,10:58:0
180,2013-04-13,16,10,15,80,10,8,13:19:0,provence-alpes-c-te-d-azur,16,10,15,80,10,8,13:19:0
181,2013-04-18,21,15,13,81,10,6,13:35:0,languedoc-roussillon,21,15,13,81,10,6,13:35:0
182,2013-04-25,21,14,11,68,10,42,13:54:0,languedoc-roussillon,21,14,11,68,10,42,13:54:0
183,2013-06-23,23,18,34,68,10,4,15:26:0,languedoc-roussillon,23,18,34,68,10,4,15:26:0
184,2013-06-25,24,15,25,63,10,6,15:26:0,languedoc-roussillon,24,15,25,63,10,6,15:26:0
185,2013-07-03,24,21,13,76,9.875,27,15:9:0,corse,24,21,13,76,9.875,27,15:9:0
186,2013-07-12,26,23,12,75,9.875,13,14:59:0,corse,26,23,12,75,9.875,13,14:59:0
187,2013-07-17,29,22,12,67,9.875,21,15:3:0,languedoc-roussillon,29,22,12,67,9.875,21,15:3:0
188,2013-07-25,29,23,10,80,10,3,14:39:0,corse,29,23,10,80,10,3,14:39:0
189,2013-08-01,29,25,21,67,10,0,14:33:0,languedoc-roussillon,29,25,21,67,10,0,14:33:0
190,2013-08-04,30,25,9,72,10,15,14:18:0,corse,30,25,9,72,10,15,14:18:0
191,2013-08-09,29,19,22,70,10,9,14:14:0,languedoc-roussillon,29,19,22,70,10,9,14:14:0
192,2013-08-11,31,19,17,68,10,2,14:9:0,languedoc-roussillon,31,19,17,68,10,2,14:9:0
193,2013-08-20,26,18,9,72,9.625,8,13:39:0,corse,26,18,9,72,9.625,8,13:39:0
194,2013-08-24,28,21,26,81,10,15,13:35:0,languedoc-roussillon,28,21,26,81,10,15,13:35:0
195,2013-08-25,24,22,22,78,10,18,13:26:0,corse,24,22,22,78,10,18,13:26:0
196,2013-09-01,28,19,20,73,10,7,13:12:0,languedoc-roussillon,28,19,20,73,10,7,13:12:0
197,2013-09-01,28,19,20,73,10,7,13:12:0,languedoc-roussillon,28,19,20,73,10,7,13:12:0
198,2013-09-04,28,17,6,74,10,5,12:59:0,corse,28,17,6,74,10,5,12:59:0
199,2013-09-11,21,15,41,73,10,3,12:43:0,provence-alpes-c-te-d-azur,21,15,41,73,10,3,12:43:0
200,2013-09-14,24,19,15,76,10,3,12:32:0,corse,24,19,15,76,10,3,12:32:0
201,2013-09-17,20,14,41,75,10,9,12:24:0,corse,20,14,41,75,10,9,12:24:0
202,2013-09-17,20,14,41,75,10,9,12:24:0,corse,20,14,41,75,10,9,12:24:0
203,2013-09-19,24,16,30,73,10,2,12:19:0,languedoc-roussillon,24,16,30,73,10,2,12:19:0
204,2013-09-19,24,16,30,73,10,2,12:19:0,languedoc-roussillon,24,16,30,73,10,2,12:19:0
205,2013-09-20,26,15,23,73,10,15,12:16:0,languedoc-roussillon,26,15,23,73,10,15,12:16:0
206,2013-10-01,23,17,15,89,10,13,11:45:0,corse,23,17,15,89,10,13,11:45:0
207,2013-10-03,24,17,17,83,10,14,11:39:0,corse,24,17,17,83,10,14,11:39:0
208,2013-10-04,23,18,17,89,9.375,24,11:37:0,corse,23,18,17,89,9.375,24,11:37:0
209,2013-10-22,22,18,43,92,9.875,41,10:44:0,provence-alpes-c-te-d-azur,22,18,43,92,9.875,41,10:44:0
210,2013-10-28,23,18,11,94,8,27,10:32:0,corse,23,18,11,94,8,27,10:32:0
211,2013-10-28,23,18,11,94,8,27,10:32:0,corse,23,18,11,94,8,27,10:32:0
212,2013-11-03,19,15,24,91,9,44,10:17:0,corse,19,15,24,91,9,44,10:17:0
213,2013-11-06,20,14,27,80,10,7,10:9:0,corse,20,14,27,80,10,7,10:9:0
214,2013-11-07,21,16,16,86,10,4,10:7:0,corse,21,16,16,86,10,4,10:7:0
215,2013-11-09,19,14,22,90,9,34,10:2:0,corse,19,14,22,90,9,34,10:2:0
216,2013-11-14,14,9,35,76,10,8,9:42:0,languedoc-roussillon,14,9,35,76,10,8,9:42:0
217,2014-02-13,14,8,18,74,9.375,34,10:26:0,languedoc-roussillon,14,8,18,74,9.375,34,10:26:0
218,2014-02-23,14,8,16,80,10,6,10:54:0,languedoc-roussillon,14,8,16,80,10,6,10:54:0
219,2014-03-08,18,8,16,63,10,1,11:32:0,languedoc-roussillon,18,8,16,63,10,1,11:32:0
220,2014-03-15,19,10,30,75,10,14,11:53:0,languedoc-roussillon,19,10,30,75,10,14,11:53:0
221,2014-03-18,20,14,11,79,10,2,12:2:0,languedoc-roussillon,20,14,11,79,10,2,12:2:0
222,2014-03-19,19,11,22,72,10,10,12:5:0,languedoc-roussillon,19,11,22,72,10,10,12:5:0
223,2014-03-30,16,12,21,83,10,29,12:39:0,languedoc-roussillon,16,12,21,83,10,29,12:39:0
224,2014-04-07,19,13,15,81,10,13,13:2:0,languedoc-roussillon,19,13,15,81,10,13,13:2:0
225,2014-04-13,14,9,13,95,5.5,52,13:24:0,rh-ne-alpes,14,9,13,95,5.5,52,13:24:0
226,2014-04-29,21,12,21,71,10,10,14:5:0,languedoc-roussillon,21,12,21,71,10,10,14:5:0
227,2014-05-13,19,12,33,60,10,9,14:38:0,languedoc-roussillon,19,12,33,60,10,9,14:38:0
228,2014-05-13,19,12,33,60,10,9,14:38:0,languedoc-roussillon,19,12,33,60,10,9,14:38:0
229,2014-05-14,21,12,24,63,10,4,14:40:0,languedoc-roussillon,21,12,24,63,10,4,14:40:0
230,2014-05-18,21,13,10,74,9.75,18,14:40:0,corse,21,13,10,74,9.75,18,14:40:0
231,2014-05-24,21,17,9,74,10,5,14:50:0,corse,21,17,9,74,10,5,14:50:0
232,2014-06-04,22,17,15,78,10,12,15:5:0,corse,22,17,15,78,10,12,15:5:0
233,2014-06-10,27,23,15,61,10,2,15:22:0,languedoc-roussillon,27,23,15,61,10,2,15:22:0
234,2014-06-17,25,19,17,60,10,16,15:25:0,languedoc-roussillon,25,19,17,60,10,16,15:25:0
235,2014-06-20,24,20,17,73,10,3,15:14:0,corse,24,20,17,73,10,3,15:14:0
236,2014-06-28,26,22,8,72,10,5,15:12:0,corse,26,22,8,72,10,5,15:12:0
237,2014-06-28,26,22,8,72,10,5,15:12:0,corse,26,22,8,72,10,5,15:12:0
238,2014-07-03,28,21,10,72,10,13,15:10:0,corse,28,21,10,72,10,13,15:10:0
239,2014-07-05,25,20,17,84,10,17,15:7:0,corse,25,20,17,84,10,17,15:7:0
240,2014-07-17,28,24,19,72,10,1,15:3:0,languedoc-roussillon,28,24,19,72,10,1,15:3:0
241,2014-07-22,26,21,12,83,9.625,11,14:45:0,corse,26,21,12,83,9.625,11,14:45:0
242,2014-07-30,28,20,25,74,10,19,14:38:0,languedoc-roussillon,28,20,25,74,10,19,14:38:0
243,2014-07-30,28,20,25,74,10,19,14:38:0,languedoc-roussillon,28,20,25,74,10,19,14:38:0
244,2014-07-31,29,20,19,71,10,7,14:36:0,languedoc-roussillon,29,20,19,71,10,7,14:36:0
245,2014-08-01,27,21,23,68,9.375,11,14:33:0,languedoc-roussillon,27,21,23,68,9.375,11,14:33:0
246,2014-08-15,24,19,27,71,10,2,13:53:0,corse,24,19,27,71,10,2,13:53:0
247,2014-08-15,24,19,27,71,10,2,13:53:0,corse,24,19,27,71,10,2,13:53:0
248,2014-08-15,24,19,27,71,10,2,13:53:0,corse,24,19,27,71,10,2,13:53:0
249,2014-08-15,24,19,27,71,10,2,13:53:0,corse,24,19,27,71,10,2,13:53:0
250,2014-08-27,28,20,16,78,10,17,13:27:0,languedoc-roussillon,28,20,16,78,10,17,13:27:0
251,2014-08-29,28,22,12,76,9.875,15,13:21:0,languedoc-roussillon,28,22,12,76,9.875,15,13:21:0
252,2014-09-01,25,15,23,84,10,4,13:8:0,corse,25,15,23,84,10,4,13:8:0
253,2014-09-13,22,18,14,78,9.875,51,12:35:0,corse,22,18,14,78,9.875,51,12:35:0
254,2014-09-17,23,21,29,88,5.375,59,12:25:0,languedoc-roussillon,23,21,29,88,5.375,59,12:25:0
255,2014-09-24,21,17,17,76,8.625,52,12:5:0,languedoc-roussillon,21,17,17,76,8.625,52,12:5:0
256,2014-09-26,24,13,14,70,10,10,11:59:0,languedoc-roussillon,24,13,14,70,10,10,11:59:0
257,2014-09-27,25,17,10,74,10,6,11:57:0,corse,25,17,10,74,10,6,11:57:0
258,2014-09-28,26,15,5,77,10,3,11:54:0,corse,26,15,5,77,10,3,11:54:0
259,2014-10-02,24,13,11,86,8.375,16,11:42:0,corse,24,13,11,86,8.375,16,11:42:0
260,2014-10-06,22,13,9,78,9.625,14,11:32:0,corse,22,13,9,78,9.625,14,11:32:0
261,2014-10-08,25,18,9,85,10,3,11:26:0,corse,25,18,9,85,10,3,11:26:0
262,2014-10-10,26,18,8,91,9.5,10,11:21:0,corse,26,18,8,91,9.5,10,11:21:0
263,2014-10-13,24,22,22,88,7.25,33,11:12:0,corse,24,22,22,88,7.25,33,11:12:0
264,2014-10-16,22,16,17,86,9.75,51,11:5:0,corse,22,16,17,86,9.75,51,11:5:0
265,2014-10-21,22,19,23,91,10,37,10:51:0,corse,22,19,23,91,10,37,10:51:0
266,2014-10-21,23,18,30,82,10,4,10:46:0,languedoc-roussillon,23,18,30,82,10,4,10:46:0
267,2014-10-21,22,19,23,91,10,37,10:51:0,corse,22,19,23,91,10,37,10:51:0
268,2014-10-22,20,13,30,77,10,10,10:48:0,corse,20,13,30,77,10,10,10:48:0
269,2014-10-22,20,13,30,77,10,10,10:48:0,corse,20,13,30,77,10,10,10:48:0
270,2014-10-22,20,13,30,77,10,10,10:48:0,corse,20,13,30,77,10,10,10:48:0
271,2014-10-22,15,11,65,72,10,2,10:44:0,provence-alpes-c-te-d-azur,15,11,65,72,10,2,10:44:0
272,2014-11-01,20,8,9,76,10,7,10:23:0,corse,20,8,9,76,10,7,10:23:0
273,2014-11-03,19,13,14,83,10,2,10:17:0,corse,19,13,14,83,10,2,10:17:0
274,2015-01-11,15,10,29,93,10,17,9:22:0,corse,15,10,29,93,10,17,9:22:0
275,2015-01-11,14,12,29,79,10,10,9:12:0,languedoc-roussillon,14,12,29,79,10,10,9:12:0
276,2015-01-29,11,9,37,89,8.875,82,9:55:0,corse,11,9,37,89,8.875,82,9:55:0
277,2015-02-23,14,7,29,72,9.875,40,10:53:0,languedoc-roussillon,14,7,29,72,9.875,40,10:53:0
278,2015-03-06,13,1,38,56,10,4,11:27:0,corse,13,1,38,56,10,4,11:27:0
279,2015-03-07,13,8,17,58,10,29,11:28:0,languedoc-roussillon,13,8,17,58,10,29,11:28:0
280,2015-03-08,13,9,13,72,10,16,11:31:0,languedoc-roussillon,13,9,13,72,10,16,11:31:0
281,2015-03-09,14,10,12,69,10,39,11:35:0,languedoc-roussillon,14,10,12,69,10,39,11:35:0
282,2015-03-11,14,8,19,76,10,53,11:40:0,languedoc-roussillon,14,8,19,76,10,53,11:40:0
283,2015-03-11,14,8,19,76,10,53,11:40:0,languedoc-roussillon,14,8,19,76,10,53,11:40:0
284,2015-03-13,14,8,16,74,9.875,61,11:47:0,languedoc-roussillon,14,8,16,74,9.875,61,11:47:0
285,2015-03-13,6,-1,12,87,8.25,64,11:46:0,rh-ne-alpes,6,-1,12,87,8.25,64,11:46:0
286,2015-04-15,17,11,19,73,10,54,13:25:0,languedoc-roussillon,17,11,19,73,10,54,13:25:0
287,2015-05-09,22,17,14,67,10,5,14:20:0,corse,22,17,14,67,10,5,14:20:0
288,2015-05-31,23,20,13,64,9.875,6,15:0:0,corse,23,20,13,64,9.875,6,15:0:0
289,2015-06-03,25,22,15,59,9.875,8,15:3:0,corse,25,22,15,59,9.875,8,15:3:0
290,2015-06-07,27,22,18,69,9.625,12,15:19:0,languedoc-roussillon,27,22,18,69,9.625,12,15:19:0
291,2015-06-14,24,21,18,86,10,25,15:13:0,corse,24,21,18,86,10,25,15:13:0
292,2015-06-26,26,19,13,56,10,6,15:13:0,corse,26,19,13,56,10,6,15:13:0
293,2015-06-26,27,22,18,61,10,5,15:25:0,languedoc-roussillon,27,22,18,61,10,5,15:25:0
294,2015-06-27,30,23,22,62,10,8,15:25:0,languedoc-roussillon,30,23,22,62,10,8,15:25:0
295,2015-06-28,29,22,15,69,10,2,15:25:0,languedoc-roussillon,29,22,15,69,10,2,15:25:0
296,2015-07-01,28,20,8,68,10,8,15:11:0,corse,28,20,8,68,10,8,15:11:0
297,2015-07-02,26,22,14,79,10,23,15:22:0,languedoc-roussillon,26,22,14,79,10,23,15:22:0
298,2015-07-03,27,24,19,71,9.625,20,15:21:0,languedoc-roussillon,27,24,19,71,9.625,20,15:21:0
299,2015-07-07,31,24,14,70,10,2,15:6:0,corse,31,24,14,70,10,2,15:6:0
300,2015-07-10,29,26,11,72,9.875,7,15:3:0,corse,29,26,11,72,9.875,7,15:3:0
301,2015-07-10,27,21,24,65,10,0,15:14:0,languedoc-roussillon,27,21,24,65,10,0,15:14:0
302,2015-07-12,29,22,16,64,10,2,15:12:0,languedoc-roussillon,29,22,16,64,10,2,15:12:0
303,2015-07-12,31,25,30,58,10,3,15:10:0,provence-alpes-c-te-d-azur,31,25,30,58,10,3,15:10:0
304,2015-07-13,29,21,13,61,10,5,15:10:0,languedoc-roussillon,29,21,13,61,10,5,15:10:0
305,2015-07-14,31,22,9,66,10,1,15:8:0,languedoc-roussillon,31,22,9,66,10,1,15:8:0
306,2015-07-20,30,24,13,67,10,8,14:59:0,languedoc-roussillon,30,24,13,67,10,8,14:59:0
307,2015-07-21,30,25,11,68,10,5,14:57:0,languedoc-roussillon,30,25,11,68,10,5,14:57:0
308,2015-07-22,29,26,13,76,8.875,16,14:55:0,languedoc-roussillon,29,26,13,76,8.875,16,14:55:0
309,2015-07-25,27,21,27,67,9.625,6,14:49:0,languedoc-roussillon,27,21,27,67,9.625,6,14:49:0
310,2015-07-25,29,25,16,76,10,9,14:39:0,corse,29,25,16,76,10,9,14:39:0
311,2015-07-27,28,23,15,74,10,7,14:36:0,corse,28,23,15,74,10,7,14:36:0
312,2015-07-27,29,24,33,60,10,9,14:44:0,provence-alpes-c-te-d-azur,29,24,33,60,10,9,14:44:0
313,2015-07-28,28,23,17,57,10,0,14:34:0,corse,28,23,17,57,10,0,14:34:0
314,2015-07-28,27,20,35,62,10,1,14:41:0,provence-alpes-c-te-d-azur,27,20,35,62,10,1,14:41:0
315,2015-07-30,30,24,17,63,9.75,6,14:30:0,corse,30,24,17,63,9.75,6,14:30:0
316,2015-07-30,24,20,14,73,10,41,14:39:0,languedoc-roussillon,24,20,14,73,10,41,14:39:0
317,2015-07-31,24,17,20,52,9.75,14,14:37:0,languedoc-roussillon,24,17,20,52,9.75,14,14:37:0
318,2015-08-06,27,23,13,79,10,3,14:23:0,languedoc-roussillon,27,23,13,79,10,3,14:23:0
319,2015-08-08,28,23,18,74,9.25,28,14:18:0,languedoc-roussillon,28,23,18,74,9.25,28,14:18:0
320,2015-08-12,25,22,15,73,10,5,14:8:0,languedoc-roussillon,25,22,15,73,10,5,14:8:0
321,2015-08-17,25,18,16,65,10,3,13:48:0,corse,25,18,16,65,10,3,13:48:0
322,2015-08-17,26,18,33,74,10,5,13:53:0,provence-alpes-c-te-d-azur,26,18,33,74,10,5,13:53:0
323,2015-08-19,24,17,13,70,10,8,13:50:0,languedoc-roussillon,24,17,13,70,10,8,13:50:0
324,2015-08-20,25,19,11,65,10,5,13:47:0,languedoc-roussillon,25,19,11,65,10,5,13:47:0
325,2015-08-26,23,19,16,71,10,1,13:30:0,languedoc-roussillon,23,19,16,71,10,1,13:30:0
326,2015-08-30,30,18,10,64,10,3,13:15:0,corse,30,18,10,64,10,3,13:15:0
327,2015-08-30,30,18,10,64,10,3,13:15:0,corse,30,18,10,64,10,3,13:15:0
328,2015-08-30,30,18,10,64,10,3,13:15:0,corse,30,18,10,64,10,3,13:15:0
329,2015-09-01,25,18,17,72,10,50,13:13:0,languedoc-roussillon,25,18,17,72,10,50,13:13:0
330,2015-09-05,24,20,12,75,10,61,12:59:0,corse,24,20,12,75,10,61,12:59:0
331,2015-09-11,22,18,20,80,9.875,16,12:44:0,languedoc-roussillon,22,18,20,80,9.875,16,12:44:0
332,2015-09-17,22,17,18,79,10,57,12:27:0,languedoc-roussillon,22,17,18,79,10,57,12:27:0
333,2015-09-26,23,11,13,75,9.75,37,12:0:0,corse,23,11,13,75,9.75,37,12:0:0
334,2016-01-11,15,14,36,91,9.375,53,9:22:0,corse,15,14,36,91,9.375,53,9:22:0
335,2016-01-12,12,8,31,73,9.25,24,9:23:0,corse,12,8,31,73,9.25,24,9:23:0
336,2016-01-15,9,7,36,68,10,16,9:18:0,languedoc-roussillon,9,7,36,68,10,16,9:18:0
337,2016-02-05,16,9,14,76,10,3,10:3:0,languedoc-roussillon,16,9,14,76,10,3,10:3:0
338,2016-03-08,11,5,38,61,10,9,11:33:0,languedoc-roussillon,11,5,38,61,10,9,11:33:0
339,2016-03-23,16,8,33,78,10,13,12:19:0,provence-alpes-c-te-d-azur,16,8,33,78,10,13,12:19:0
340,2016-03-26,14,9,16,74,10,17,12:29:0,languedoc-roussillon,14,9,16,74,10,17,12:29:0
341,2016-03-26,14,9,16,74,10,17,12:29:0,languedoc-roussillon,14,9,16,74,10,17,12:29:0
342,2016-04-02,21,10,13,57,10,69,12:46:0,corse,21,10,13,57,10,69,12:46:0
343,2016-04-17,16,12,12,75,9.875,60,13:28:0,corse,16,12,12,75,9.875,60,13:28:0
344,2016-04-18,15,12,12,77,10,50,13:30:0,corse,15,12,12,77,10,50,13:30:0
345,2016-04-18,15,12,12,77,10,50,13:30:0,corse,15,12,12,77,10,50,13:30:0
346,2016-04-19,16,11,18,73,9.875,59,13:38:0,languedoc-roussillon,16,11,18,73,9.875,59,13:38:0
347,2016-04-20,16,11,18,73,9.5,66,13:42:0,languedoc-roussillon,16,11,18,73,9.5,66,13:42:0
348,2016-05-05,17,14,23,63,10,1,14:21:0,languedoc-roussillon,17,14,23,63,10,1,14:21:0
349,2016-06-14,21,18,40,63,10,7,15:22:0,provence-alpes-c-te-d-azur,21,18,40,63,10,7,15:22:0
350,2016-06-19,22,17,28,67,10,16,15:26:0,languedoc-roussillon,22,17,28,67,10,16,15:26:0
351,2016-06-21,23,19,16,77,10,29,15:26:0,languedoc-roussillon,23,19,16,77,10,29,15:26:0
352,2016-06-27,24,22,18,55,10,5,15:12:0,corse,24,22,18,55,10,5,15:12:0
353,2016-06-27,26,18,19,66,10,15,15:25:0,languedoc-roussillon,26,18,19,66,10,15,15:25:0
354,2016-06-30,25,20,20,86,9.25,13,15:23:0,languedoc-roussillon,25,20,20,86,9.25,13,15:23:0
355,2016-07-05,27,22,22,74,9.875,16,15:18:0,languedoc-roussillon,27,22,22,74,9.875,16,15:18:0
356,2016-07-05,27,22,22,74,9.875,16,15:18:0,languedoc-roussillon,27,22,22,74,9.875,16,15:18:0
357,2016-07-07,28,22,17,70,10,3,15:17:0,languedoc-roussillon,28,22,17,70,10,3,15:17:0
358,2016-07-10,27,25,17,72,10,2,15:13:0,languedoc-roussillon,27,25,17,72,10,2,15:13:0
359,2016-07-13,23,18,35,59,10,5,15:8:0,languedoc-roussillon,23,18,35,59,10,5,15:8:0
360,2016-07-13,23,18,35,59,10,5,15:8:0,languedoc-roussillon,23,18,35,59,10,5,15:8:0
361,2016-07-13,23,18,35,59,10,5,15:8:0,languedoc-roussillon,23,18,35,59,10,5,15:8:0
362,2016-07-13,25,19,44,60,10,4,15:6:0,provence-alpes-c-te-d-azur,25,19,44,60,10,4,15:6:0
363,2016-07-14,23,17,36,57,10,7,15:7:0,languedoc-roussillon,23,17,36,57,10,7,15:7:0
364,2016-07-14,23,17,36,57,10,7,15:7:0,languedoc-roussillon,23,17,36,57,10,7,15:7:0
365,2016-07-14,23,17,51,60,10,4,15:5:0,provence-alpes-c-te-d-azur,23,17,51,60,10,4,15:5:0
366,2016-07-14,23,17,36,57,10,7,15:7:0,languedoc-roussillon,23,17,36,57,10,7,15:7:0
367,2016-07-15,26,16,28,63,10,1,15:4:0,provence-alpes-c-te-d-azur,26,16,28,63,10,1,15:4:0
368,2016-07-15,26,16,28,63,10,1,15:4:0,provence-alpes-c-te-d-azur,26,16,28,63,10,1,15:4:0
369,2016-07-15,25,19,20,66,9.75,12,14:56:0,corse,25,19,20,66,9.75,12,14:56:0
370,2016-07-15,26,16,28,63,10,1,15:4:0,provence-alpes-c-te-d-azur,26,16,28,63,10,1,15:4:0
371,2016-07-16,27,18,24,57,10,1,15:4:0,languedoc-roussillon,27,18,24,57,10,1,15:4:0
372,2016-07-16,27,18,24,57,10,1,15:4:0,languedoc-roussillon,27,18,24,57,10,1,15:4:0
373,2016-07-17,25,19,18,67,10,0,15:3:0,languedoc-roussillon,25,19,18,67,10,0,15:3:0
374,2016-07-18,26,20,18,70,10,45,15:1:0,languedoc-roussillon,26,20,18,70,10,45,15:1:0
375,2016-07-18,27,21,19,65,10,24,14:59:0,provence-alpes-c-te-d-azur,27,21,19,65,10,24,14:59:0
376,2016-07-19,26,22,12,66,9.875,41,14:49:0,corse,26,22,12,66,9.875,41,14:49:0
377,2016-07-27,27,21,17,75,10,39,14:44:0,languedoc-roussillon,27,21,17,75,10,39,14:44:0
378,2016-08-01,29,21,39,70,10,1,14:31:0,provence-alpes-c-te-d-azur,29,21,39,70,10,1,14:31:0
379,2016-08-01,27,20,20,69,10,7,14:33:0,languedoc-roussillon,27,20,20,69,10,7,14:33:0
380,2016-08-02,28,20,15,63,10,6,14:31:0,languedoc-roussillon,28,20,15,63,10,6,14:31:0
381,2016-08-05,26,20,27,71,9.625,6,14:23:0,languedoc-roussillon,26,20,27,71,9.625,6,14:23:0
382,2016-08-06,27,19,18,61,10,2,14:21:0,languedoc-roussillon,27,19,18,61,10,2,14:21:0
383,2016-08-06,29,19,23,70,10,8,14:19:0,provence-alpes-c-te-d-azur,29,19,23,70,10,8,14:19:0
384,2016-08-07,28,22,9,61,10,7,14:11:0,corse,28,22,9,61,10,7,14:11:0
385,2016-08-08,28,24,12,55,10,5,14:9:0,corse,28,24,12,55,10,5,14:9:0
386,2016-08-10,27,19,49,61,10,16,14:10:0,provence-alpes-c-te-d-azur,27,19,49,61,10,16,14:10:0
387,2016-08-10,26,18,28,59,10,3,14:11:0,languedoc-roussillon,26,18,28,59,10,3,14:11:0
388,2016-08-10,27,19,49,61,10,16,14:10:0,provence-alpes-c-te-d-azur,27,19,49,61,10,16,14:10:0
389,2016-08-10,26,18,28,59,10,3,14:11:0,languedoc-roussillon,26,18,28,59,10,3,14:11:0
390,2016-08-10,27,19,49,61,10,16,14:10:0,provence-alpes-c-te-d-azur,27,19,49,61,10,16,14:10:0
391,2016-08-10,26,18,28,59,10,3,14:11:0,languedoc-roussillon,26,18,28,59,10,3,14:11:0
392,2016-08-11,25,16,21,59,10,5,14:9:0,languedoc-roussillon,25,16,21,59,10,5,14:9:0
393,2016-08-11,25,16,21,59,10,5,14:9:0,languedoc-roussillon,25,16,21,59,10,5,14:9:0
394,2016-08-21,26,19,24,65,10,4,13:42:0,languedoc-roussillon,26,19,24,65,10,4,13:42:0
395,2016-08-22,27,19,27,55,10,0,13:40:0,languedoc-roussillon,27,19,27,55,10,0,13:40:0
396,2016-08-22,28,21,8,63,10,2,13:33:0,corse,28,21,8,63,10,2,13:33:0
397,2016-08-24,29,16,12,46,10,2,13:28:0,corse,29,16,12,46,10,2,13:28:0
398,2016-08-24,29,16,12,46,10,2,13:28:0,corse,29,16,12,46,10,2,13:28:0
399,2016-08-24,29,16,12,46,10,2,13:28:0,corse,29,16,12,46,10,2,13:28:0
400,2016-08-25,28,17,11,53,10,2,13:26:0,corse,28,17,11,53,10,2,13:26:0
401,2016-08-25,28,17,11,53,10,2,13:26:0,corse,28,17,11,53,10,2,13:26:0
402,2016-08-26,29,21,11,60,10,3,13:23:0,corse,29,21,11,60,10,3,13:23:0
403,2016-08-27,29,25,18,73,10,2,13:25:0,provence-alpes-c-te-d-azur,29,25,18,73,10,2,13:25:0
404,2016-09-05,30,22,24,56,10,11,12:59:0,languedoc-roussillon,30,22,24,56,10,11,12:59:0
405,2016-09-05,30,23,47,56,10,10,12:59:0,provence-alpes-c-te-d-azur,30,23,47,56,10,10,12:59:0
406,2016-09-05,30,22,24,56,10,11,12:59:0,languedoc-roussillon,30,22,24,56,10,11,12:59:0
407,2016-09-07,25,22,18,76,10,4,12:54:0,languedoc-roussillon,25,22,18,76,10,4,12:54:0
408,2016-09-07,25,22,18,76,10,4,12:54:0,languedoc-roussillon,25,22,18,76,10,4,12:54:0
409,2016-09-08,27,21,14,74,10,5,12:51:0,languedoc-roussillon,27,21,14,74,10,5,12:51:0
410,2016-09-09,28,21,13,68,10,11,12:48:0,languedoc-roussillon,28,21,13,68,10,11,12:48:0
411,2016-09-11,28,23,17,71,10,11,12:43:0,languedoc-roussillon,28,23,17,71,10,11,12:43:0
412,2016-09-13,26,22,25,86,10,8,12:36:0,languedoc-roussillon,26,22,25,86,10,8,12:36:0
413,2016-09-23,23,19,17,68,10,18,12:6:0,languedoc-roussillon,23,19,17,68,10,18,12:6:0
414,2016-09-24,23,18,17,69,10,11,12:3:0,languedoc-roussillon,23,18,17,69,10,11,12:3:0
415,2016-09-28,25,19,13,60,10,4,11:52:0,corse,25,19,13,60,10,4,11:52:0
416,2016-09-28,26,18,17,64,10,2,11:51:0,languedoc-roussillon,26,18,17,64,10,2,11:51:0
417,2016-10-10,18,11,20,57,10,12,11:16:0,languedoc-roussillon,18,11,20,57,10,12,11:16:0
418,2016-10-11,17,11,21,60,10,26,11:13:0,languedoc-roussillon,17,11,21,60,10,26,11:13:0
419,2017-01-07,9,3,22,37,10,4,9:8:0,languedoc-roussillon,9,3,22,37,10,4,9:8:0
420,2017-02-23,16,12,12,80,10,41,10:54:0,languedoc-roussillon,16,12,12,80,10,41,10:54:0
421,2017-02-26,13,10,14,63,10,10,11:3:0,languedoc-roussillon,13,10,14,63,10,10,11:3:0
422,2017-03-07,15,4,40,72,10,3,11:32:0,corse,15,4,40,72,10,3,11:32:0
423,2017-03-16,18,12,13,75,10,1,11:57:0,languedoc-roussillon,18,12,13,75,10,1,11:57:0
424,2017-03-16,18,12,13,75,10,1,11:57:0,languedoc-roussillon,18,12,13,75,10,1,11:57:0
425,2017-03-17,17,11,13,67,10,0,12:1:0,corse,17,11,13,67,10,0,12:1:0
426,2017-03-24,19,13,21,84,9.875,37,12:21:0,corse,19,13,21,84,9.875,37,12:21:0
427,2017-04-19,15,9,42,50,10,1,13:38:0,languedoc-roussillon,15,9,42,50,10,1,13:38:0
428,2017-04-24,19,10,12,68,10,5,13:45:0,corse,19,10,12,68,10,5,13:45:0
429,2017-05-27,25,21,9,56,10,4,14:55:0,corse,25,21,9,56,10,4,14:55:0
430,2017-05-30,26,22,9,58,10,5,15:0:0,corse,26,22,9,58,10,5,15:0:0
431,2017-05-31,23,21,14,61,10,43,15:11:0,languedoc-roussillon,23,21,14,61,10,43,15:11:0
432,2017-06-03,25,22,10,69,10,5,15:5:0,corse,25,22,10,69,10,5,15:5:0
433,2017-06-07,20,14,42,61,10,1,15:17:0,provence-alpes-c-te-d-azur,20,14,42,61,10,1,15:17:0
434,2017-06-11,25,22,17,78,10,4,15:23:0,languedoc-roussillon,25,22,17,78,10,4,15:23:0
435,2017-06-12,28,25,13,60,10,5,15:12:0,corse,28,25,13,60,10,5,15:12:0
436,2017-06-15,29,25,15,50,10,3,15:13:0,corse,29,25,15,50,10,3,15:13:0
437,2017-06-22,28,25,12,63,10,6,15:14:0,corse,28,25,12,63,10,6,15:14:0
438,2017-06-23,30,24,22,79,10,8,15:26:0,languedoc-roussillon,30,24,22,79,10,8,15:26:0
439,2017-06-24,29,25,16,72,10,5,15:13:0,corse,29,25,16,72,10,5,15:13:0
440,2017-06-24,31,26,28,74,10,4,15:24:0,provence-alpes-c-te-d-azur,31,26,28,74,10,4,15:24:0
441,2017-06-25,29,22,14,69,9.875,5,15:26:0,languedoc-roussillon,29,22,14,69,9.875,5,15:26:0
442,2017-06-25,29,22,14,69,9.875,5,15:26:0,languedoc-roussillon,29,22,14,69,9.875,5,15:26:0
443,2017-06-28,28,25,32,70,9.625,15,15:12:0,corse,28,25,32,70,9.625,15,15:12:0
444,2017-06-30,22,18,27,61,9.875,13,15:20:0,provence-alpes-c-te-d-azur,22,18,27,61,9.875,13,15:20:0
445,2017-07-02,24,20,31,66,10,30,15:21:0,languedoc-roussillon,24,20,31,66,10,30,15:21:0
446,2017-07-06,24,20,16,77,10,11,15:18:0,languedoc-roussillon,24,20,16,77,10,11,15:18:0
447,2017-07-06,30,26,10,47,10,1,15:7:0,corse,30,26,10,47,10,1,15:7:0
448,2017-07-08,31,28,13,41,10,3,15:4:0,corse,31,28,13,41,10,3,15:4:0
449,2017-07-12,28,22,21,70,10,5,15:10:0,languedoc-roussillon,28,22,21,70,10,5,15:10:0
450,2017-07-13,29,21,21,69,10,1,15:10:0,languedoc-roussillon,29,21,21,69,10,1,15:10:0
451,2017-07-14,28,21,22,67,10,2,15:8:0,languedoc-roussillon,28,21,22,67,10,2,15:8:0
452,2017-07-14,28,21,22,67,10,2,15:8:0,languedoc-roussillon,28,21,22,67,10,2,15:8:0
453,2017-07-15,28,20,19,64,10,2,15:6:0,languedoc-roussillon,28,20,19,64,10,2,15:6:0
454,2017-07-15,30,21,30,64,10,3,15:4:0,provence-alpes-c-te-d-azur,30,21,30,64,10,3,15:4:0
455,2017-07-17,28,24,15,46,10,1,14:52:0,corse,28,24,15,46,10,1,14:52:0
456,2017-07-17,28,24,15,46,10,1,14:52:0,corse,28,24,15,46,10,1,14:52:0
457,2017-07-17,28,24,15,46,10,1,14:52:0,corse,28,24,15,46,10,1,14:52:0
458,2017-07-17,28,24,15,46,10,1,14:52:0,corse,28,24,15,46,10,1,14:52:0
459,2017-07-17,23,18,7,85,8.875,15,15:14:0,rh-ne-alpes,23,18,7,85,8.875,15,15:14:0
460,2017-07-19,25,21,19,79,9.75,24,14:59:0,languedoc-roussillon,25,21,19,79,9.75,24,14:59:0
461,2017-07-24,28,24,42,53,10,13,14:48:0,provence-alpes-c-te-d-azur,28,24,42,53,10,13,14:48:0
462,2017-07-24,26,22,22,66,10,7,14:41:0,corse,26,22,22,66,10,7,14:41:0
463,2017-07-24,26,22,22,66,10,7,14:41:0,corse,26,22,22,66,10,7,14:41:0
464,2017-07-24,26,22,39,66,10,15,14:50:0,languedoc-roussillon,26,22,39,66,10,15,14:50:0
465,2017-07-24,26,22,22,66,10,7,14:41:0,corse,26,22,22,66,10,7,14:41:0
466,2017-07-24,28,24,42,53,10,13,14:48:0,provence-alpes-c-te-d-azur,28,24,42,53,10,13,14:48:0
467,2017-07-24,28,24,42,53,10,13,14:48:0,provence-alpes-c-te-d-azur,28,24,42,53,10,13,14:48:0
468,2017-07-25,26,21,31,61,10,12,14:48:0,languedoc-roussillon,26,21,31,61,10,12,14:48:0
469,2017-07-25,26,22,17,65,10,4,14:39:0,corse,26,22,17,65,10,4,14:39:0
470,2017-07-25,26,21,31,61,10,12,14:48:0,languedoc-roussillon,26,21,31,61,10,12,14:48:0
471,2017-07-25,26,21,31,61,10,12,14:48:0,languedoc-roussillon,26,21,31,61,10,12,14:48:0
472,2017-07-25,27,21,48,58,10,6,14:46:0,provence-alpes-c-te-d-azur,27,21,48,58,10,6,14:46:0
473,2017-07-26,28,21,44,58,10,7,14:44:0,provence-alpes-c-te-d-azur,28,21,44,58,10,7,14:44:0
474,2017-07-26,28,21,44,58,10,7,14:44:0,provence-alpes-c-te-d-azur,28,21,44,58,10,7,14:44:0
475,2017-07-26,27,20,22,64,10,10,14:46:0,languedoc-roussillon,27,20,22,64,10,10,14:46:0
476,2017-07-28,29,22,17,72,10,4,14:42:0,languedoc-roussillon,29,22,17,72,10,4,14:42:0
477,2017-08-01,31,28,34,49,9.75,12,14:31:0,provence-alpes-c-te-d-azur,31,28,34,49,9.75,12,14:31:0
478,2017-08-01,31,28,34,49,9.75,12,14:31:0,provence-alpes-c-te-d-azur,31,28,34,49,9.75,12,14:31:0
479,2017-08-01,25,23,26,80,9.875,22,14:33:0,languedoc-roussillon,25,23,26,80,9.875,22,14:33:0
480,2017-08-02,35,25,10,41,10,11,14:23:0,corse,35,25,10,41,10,11,14:23:0
481,2017-08-02,35,25,10,41,10,11,14:23:0,corse,35,25,10,41,10,11,14:23:0
482,2017-08-05,31,25,16,69,9.625,8,14:24:0,languedoc-roussillon,31,25,16,69,9.625,8,14:24:0
483,2017-08-05,32,27,13,52,10,1,14:16:0,corse,32,27,13,52,10,1,14:16:0
484,2017-08-07,27,22,18,55,10,10,14:19:0,languedoc-roussillon,27,22,18,55,10,10,14:19:0
485,2017-08-09,25,19,24,54,9.375,17,14:14:0,languedoc-roussillon,25,19,24,54,9.375,17,14:14:0
486,2017-08-09,25,19,24,54,9.375,17,14:14:0,languedoc-roussillon,25,19,24,54,9.375,17,14:14:0
487,2017-08-10,24,17,28,59,9.375,16,14:11:0,languedoc-roussillon,24,17,28,59,9.375,16,14:11:0
488,2017-08-10,25,20,36,50,10,24,14:10:0,provence-alpes-c-te-d-azur,25,20,36,50,10,24,14:10:0
489,2017-08-11,22,19,24,70,10,12,14:2:0,corse,22,19,24,70,10,12,14:2:0
490,2017-08-11,22,19,24,70,10,12,14:2:0,corse,22,19,24,70,10,12,14:2:0
491,2017-08-11,23,18,38,59,10,10,14:7:0,provence-alpes-c-te-d-azur,23,18,38,59,10,10,14:7:0
492,2017-08-12,27,18,19,63,10,4,14:7:0,languedoc-roussillon,27,18,19,63,10,4,14:7:0
493,2017-08-13,28,21,13,55,10,11,14:3:0,provence-alpes-c-te-d-azur,28,21,13,55,10,11,14:3:0
494,2017-08-15,30,18,8,54,10,1,13:52:0,corse,30,18,8,54,10,1,13:52:0
495,2017-08-15,25,21,15,83,10,11,13:59:0,languedoc-roussillon,25,21,15,83,10,11,13:59:0
496,2017-08-17,30,24,10,58,10,8,13:48:0,corse,30,24,10,58,10,8,13:48:0
497,2017-08-18,28,23,17,68,9.5,9,13:51:0,languedoc-roussillon,28,23,17,68,9.5,9,13:51:0
498,2017-08-19,27,23,34,66,10,10,13:47:0,provence-alpes-c-te-d-azur,27,23,34,66,10,10,13:47:0
499,2017-08-19,27,23,34,66,10,10,13:47:0,provence-alpes-c-te-d-azur,27,23,34,66,10,10,13:47:0
500,2017-08-20,28,18,9,54,10,8,13:39:0,corse,28,18,9,54,10,8,13:39:0
501,2017-08-20,27,18,18,50,10,0,13:45:0,languedoc-roussillon,27,18,18,50,10,0,13:45:0
502,2017-08-20,27,18,18,50,10,0,13:45:0,languedoc-roussillon,27,18,18,50,10,0,13:45:0
503,2017-08-21,27,21,11,64,10,4,13:36:0,corse,27,21,11,64,10,4,13:36:0
504,2017-08-21,30,19,21,55,10,1,13:43:0,languedoc-roussillon,30,19,21,55,10,1,13:43:0
505,2017-08-21,30,19,21,55,10,1,13:43:0,languedoc-roussillon,30,19,21,55,10,1,13:43:0
506,2017-08-22,26,22,17,62,10,1,13:40:0,languedoc-roussillon,26,22,17,62,10,1,13:40:0
507,2017-08-22,26,22,17,62,10,1,13:40:0,languedoc-roussillon,26,22,17,62,10,1,13:40:0
508,2017-08-27,27,22,14,73,10,15,13:26:0,languedoc-roussillon,27,22,14,73,10,15,13:26:0
509,2017-08-29,26,23,19,85,10,10,13:20:0,languedoc-roussillon,26,23,19,85,10,10,13:20:0
510,2017-09-01,25,18,34,66,10,3,13:11:0,provence-alpes-c-te-d-azur,25,18,34,66,10,3,13:11:0
511,2017-09-02,23,17,32,63,10,12,13:9:0,languedoc-roussillon,23,17,32,63,10,12,13:9:0
512,2017-09-02,21,14,29,61,9.875,8,13:5:0,corse,21,14,29,61,9.875,8,13:5:0
513,2017-09-02,21,14,29,61,9.875,8,13:5:0,corse,21,14,29,61,9.875,8,13:5:0
514,2017-09-02,21,14,29,61,9.875,8,13:5:0,corse,21,14,29,61,9.875,8,13:5:0
515,2017-09-02,23,18,46,58,10,4,13:8:0,provence-alpes-c-te-d-azur,23,18,46,58,10,4,13:8:0
516,2017-09-03,24,17,31,63,10,20,13:5:0,provence-alpes-c-te-d-azur,24,17,31,63,10,20,13:5:0
517,2017-09-06,16,12,11,98,7.75,68,13:0:0,rh-ne-alpes,16,12,11,98,7.75,68,13:0:0
518,2017-09-06,26,21,25,69,10,4,12:57:0,languedoc-roussillon,26,21,25,69,10,4,12:57:0
519,2017-09-06,26,21,25,69,10,4,12:57:0,languedoc-roussillon,26,21,25,69,10,4,12:57:0
520,2017-09-06,26,21,25,69,10,4,12:57:0,languedoc-roussillon,26,21,25,69,10,4,12:57:0
521,2017-09-06,26,21,25,69,10,4,12:57:0,languedoc-roussillon,26,21,25,69,10,4,12:57:0
522,2017-09-07,24,16,20,62,10,1,12:54:0,languedoc-roussillon,24,16,20,62,10,1,12:54:0
523,2017-09-11,22,18,31,71,10,22,12:43:0,languedoc-roussillon,22,18,31,71,10,22,12:43:0
524,2017-09-11,22,18,31,71,10,22,12:43:0,languedoc-roussillon,22,18,31,71,10,22,12:43:0
525,2017-09-12,22,17,35,65,10,11,12:40:0,languedoc-roussillon,22,17,35,65,10,11,12:40:0
526,2017-09-13,23,17,14,62,10,1,12:35:0,corse,23,17,14,62,10,1,12:35:0
527,2017-09-21,21,8,9,72,10,1,12:13:0,corse,21,8,9,72,10,1,12:13:0
528,2017-09-26,21,14,6,88,8.75,50,11:59:0,corse,21,14,6,88,8.75,50,11:59:0
529,2017-10-03,24,18,8,84,10,34,11:38:0,languedoc-roussillon,24,18,8,84,10,34,11:38:0
530,2017-10-06,18,15,24,55,10,1,11:28:0,languedoc-roussillon,18,15,24,55,10,1,11:28:0
531,2017-10-06,18,15,24,55,10,1,11:28:0,languedoc-roussillon,18,15,24,55,10,1,11:28:0
532,2017-10-07,22,12,21,60,10,10,11:26:0,languedoc-roussillon,22,12,21,60,10,10,11:26:0
533,2017-10-07,22,12,21,60,10,10,11:26:0,languedoc-roussillon,22,12,21,60,10,10,11:26:0
534,2017-10-08,22,15,37,44,10,5,11:23:0,provence-alpes-c-te-d-azur,22,15,37,44,10,5,11:23:0
535,2017-10-08,23,15,8,59,10,9,11:23:0,languedoc-roussillon,23,15,8,59,10,9,11:23:0
536,2017-10-10,23,16,10,65,10,5,11:16:0,languedoc-roussillon,23,16,10,65,10,5,11:16:0
537,2017-10-12,22,17,13,87,10,14,11:11:0,languedoc-roussillon,22,17,13,87,10,14,11:11:0
538,2017-10-13,21,17,10,70,10,18,11:8:0,languedoc-roussillon,21,17,10,70,10,18,11:8:0
539,2017-10-16,24,11,8,57,10,2,11:4:0,corse,24,11,8,57,10,2,11:4:0
540,2017-10-17,24,12,7,56,10,5,11:1:0,corse,24,12,7,56,10,5,11:1:0
541,2017-10-19,23,11,14,78,10,8,10:56:0,corse,23,11,14,78,10,8,10:56:0
542,2017-10-20,23,18,13,86,10,6,10:53:0,corse,23,18,13,86,10,6,10:53:0
543,2017-10-21,23,16,12,66,10,7,10:51:0,corse,23,16,12,66,10,7,10:51:0
544,2017-10-24,23,14,22,58,10,10,10:38:0,provence-alpes-c-te-d-azur,23,14,22,58,10,10,10:38:0
545,2017-10-25,23,13,8,46,10,9,10:40:0,corse,23,13,8,46,10,9,10:40:0
546,2017-10-26,22,9,10,56,10,13,10:37:0,corse,22,9,10,56,10,13,10:37:0
547,2017-11-06,13,10,49,55,10,15,10:2:0,languedoc-roussillon,13,10,49,55,10,15,10:2:0
548,2017-11-08,13,8,28,67,9.875,13,9:57:0,languedoc-roussillon,13,8,28,67,9.875,13,9:57:0
549,2017-12-03,9,3,27,55,10,11,9:8:0,languedoc-roussillon,9,3,27,55,10,11,9:8:0
550,2018-01-02,13,5,31,71,9.625,18,9:12:0,corse,13,5,31,71,9.625,18,9:12:0
551,2018-01-03,14,12,36,92,8.875,50,9:13:0,corse,14,12,36,92,8.875,50,9:13:0
552,2018-01-03,14,12,36,92,8.875,50,9:13:0,corse,14,12,36,92,8.875,50,9:13:0
553,2018-01-28,15,8,7,79,10,5,9:53:0,corse,15,8,7,79,10,5,9:53:0
554,2018-02-24,8,5,11,56,9.25,73,10:56:0,languedoc-roussillon,8,5,11,56,9.25,73,10:56:0
555,2018-02-25,11,6,18,60,9.875,22,11:0:0,languedoc-roussillon,11,6,18,60,9.875,22,11:0:0
556,2018-02-26,6,3,27,39,10,1,11:2:0,languedoc-roussillon,6,3,27,39,10,1,11:2:0
557,2018-04-27,21,16,13,78,10,3,13:58:0,provence-alpes-c-te-d-azur,21,16,13,78,10,3,13:58:0
558,2018-06-18,26,20,20,63,10,8,15:25:0,languedoc-roussillon,26,20,20,63,10,8,15:25:0
559,2018-07-10,30,24,14,64,10,9,15:13:0,languedoc-roussillon,30,24,14,64,10,9,15:13:0
560,2018-07-10,30,24,14,64,10,9,15:13:0,languedoc-roussillon,30,24,14,64,10,9,15:13:0
561,2018-07-11,29,23,14,60,10,5,15:12:0,languedoc-roussillon,29,23,14,60,10,5,15:12:0
562,2018-07-11,29,23,14,60,10,5,15:12:0,languedoc-roussillon,29,23,14,60,10,5,15:12:0
563,2018-08-04,33,28,12,66,10,19,14:27:0,languedoc-roussillon,33,28,12,66,10,19,14:27:0
564,2018-08-05,33,28,13,58,10,9,14:24:0,languedoc-roussillon,33,28,13,58,10,9,14:24:0
565,2018-09-01,24,14,16,72,10,4,13:8:0,corse,24,14,16,72,10,4,13:8:0
566,2018-09-01,24,14,16,72,10,4,13:8:0,corse,24,14,16,72,10,4,13:8:0
567,2018-09-14,27,21,14,71,10,22,12:35:0,languedoc-roussillon,27,21,14,71,10,22,12:35:0
568,2018-09-23,30,23,25,47,10,4,12:8:0,provence-alpes-c-te-d-azur,30,23,25,47,10,4,12:8:0
569,2018-09-23,30,22,19,61,10,8,12:8:0,languedoc-roussillon,30,22,19,61,10,8,12:8:0
570,2018-09-24,24,20,27,63,10,6,12:4:0,languedoc-roussillon,24,20,27,63,10,6,12:4:0
571,2018-09-24,24,20,27,63,10,6,12:4:0,languedoc-roussillon,24,20,27,63,10,6,12:4:0
572,2018-09-25,23,16,27,52,10,30,12:2:0,languedoc-roussillon,23,16,27,52,10,30,12:2:0
573,2018-09-26,22,18,16,56,10,11,11:59:0,languedoc-roussillon,22,18,16,56,10,11,11:59:0
574,2018-10-01,20,16,44,58,10,10,11:44:0,languedoc-roussillon,20,16,44,58,10,10,11:44:0
575,2018-10-02,22,14,33,50,10,19,11:41:0,languedoc-roussillon,22,14,33,50,10,19,11:41:0
576,2018-10-03,23,15,25,68,10,5,11:38:0,languedoc-roussillon,23,15,25,68,10,5,11:38:0
577,2018-10-03,23,15,25,68,10,5,11:38:0,languedoc-roussillon,23,15,25,68,10,5,11:38:0
578,2018-10-04,24,17,19,69,10,2,11:35:0,languedoc-roussillon,24,17,19,69,10,2,11:35:0
579,2018-10-24,24,16,28,48,10,1,10:37:0,languedoc-roussillon,24,16,28,48,10,1,10:37:0
580,2018-12-29,13,6,7,85,9.875,42,9:9:0,corse,13,6,7,85,9.875,42,9:9:0
581,2019-01-01,14,9,7,71,10,6,9:11:0,corse,14,9,7,71,10,6,9:11:0
582,2019-01-14,16,9,16,83,10,7,9:27:0,corse,16,9,16,83,10,7,9:27:0
583,2019-02-13,15,7,19,55,10,1,10:24:0,languedoc-roussillon,15,7,19,55,10,1,10:24:0
584,2019-02-16,15,8,11,56,10,0,10:33:0,languedoc-roussillon,15,8,11,56,10,0,10:33:0
585,2019-02-23,14,4,10,76,10,4,10:57:0,corse,14,4,10,76,10,4,10:57:0
586,2019-02-23,14,4,10,76,10,4,10:57:0,corse,14,4,10,76,10,4,10:57:0
587,2019-02-23,14,4,10,76,10,4,10:57:0,corse,14,4,10,76,10,4,10:57:0
588,2019-02-23,14,4,10,76,10,4,10:57:0,corse,14,4,10,76,10,4,10:57:0
589,2019-02-24,14,1,9,34,10,8,11:0:0,corse,14,1,9,34,10,8,11:0:0
590,2019-02-24,14,1,9,34,10,8,11:0:0,corse,14,1,9,34,10,8,11:0:0
591,2019-02-27,20,13,5,68,10,4,11:5:0,languedoc-roussillon,20,13,5,68,10,4,11:5:0
592,2019-02-27,20,13,5,68,10,4,11:5:0,languedoc-roussillon,20,13,5,68,10,4,11:5:0
593,2019-02-28,18,12,24,68,10,4,11:7:0,languedoc-roussillon,18,12,24,68,10,4,11:7:0
594,2019-03-06,13,11,45,88,8.25,63,11:26:0,languedoc-roussillon,13,11,45,88,8.25,63,11:26:0
595,2019-03-17,16,11,24,81,10,6,11:59:0,languedoc-roussillon,16,11,24,81,10,6,11:59:0
596,2019-03-21,18,8,12,56,10,1,12:11:0,languedoc-roussillon,18,8,12,56,10,1,12:11:0
597,2019-03-23,19,6,12,50,10,27,12:16:0,corse,19,6,12,50,10,27,12:16:0
598,2019-03-29,15,11,16,72,10,4,12:35:0,languedoc-roussillon,15,11,16,72,10,4,12:35:0
599,2019-03-29,15,11,16,72,10,4,12:35:0,languedoc-roussillon,15,11,16,72,10,4,12:35:0
600,2019-05-30,22,15,17,61,10,12,15:10:0,languedoc-roussillon,22,15,17,61,10,12,15:10:0
601,2019-06-05,21,18,27,78,10,9,15:17:0,languedoc-roussillon,21,18,27,78,10,9,15:17:0
602,2019-06-14,30,25,21,45,10,12,15:13:0,corse,30,25,21,45,10,12,15:13:0
603,2019-06-14,27,21,50,48,10,38,15:22:0,provence-alpes-c-te-d-azur,27,21,50,48,10,38,15:22:0
604,2019-06-25,32,26,9,58,10,0,15:13:0,corse,32,26,9,58,10,0,15:13:0
605,2019-06-28,37,27,6,65,10,,15:25:0,languedoc-roussillon,37,27,6,65,10,,15:25:0
606,2019-06-28,37,27,6,65,10,,15:25:0,languedoc-roussillon,37,27,6,65,10,,15:25:0
607,2019-06-29,29,25,15,68,10,0,15:24:0,languedoc-roussillon,29,25,15,68,10,0,15:24:0
608,2019-07-02,31,28,12,67,10,1,15:20:0,provence-alpes-c-te-d-azur,31,28,12,67,10,1,15:20:0
609,2019-07-05,27,25,17,77,10,1,15:20:0,languedoc-roussillon,27,25,17,77,10,1,15:20:0
610,2019-07-08,31,25,11,81,10,15,15:5:0,corse,31,25,11,81,10,15,15:5:0
611,2019-07-10,30,23,28,63,10,4,15:12:0,provence-alpes-c-te-d-azur,30,23,28,63,10,4,15:12:0
612,2019-07-15,27,21,31,56,10,6,15:7:0,languedoc-roussillon,27,21,31,56,10,6,15:7:0
613,2019-07-15,27,21,31,56,10,6,15:7:0,languedoc-roussillon,27,21,31,56,10,6,15:7:0
614,2019-07-15,27,21,31,56,10,6,15:7:0,languedoc-roussillon,27,21,31,56,10,6,15:7:0
615,2019-07-15,27,21,31,56,10,6,15:7:0,languedoc-roussillon,27,21,31,56,10,6,15:7:0
616,2019-07-16,27,24,15,63,10,8,15:5:0,languedoc-roussillon,27,24,15,63,10,8,15:5:0
617,2019-07-16,27,24,15,63,10,8,15:5:0,languedoc-roussillon,27,24,15,63,10,8,15:5:0
618,2019-07-16,27,24,15,63,10,8,15:5:0,languedoc-roussillon,27,24,15,63,10,8,15:5:0
619,2019-07-18,28,24,26,52,10,5,15:1:0,provence-alpes-c-te-d-azur,28,24,26,52,10,5,15:1:0
620,2019-07-18,29,23,23,60,10,13,15:3:0,languedoc-roussillon,29,23,23,60,10,13,15:3:0
621,2019-07-18,29,23,23,60,10,13,15:3:0,languedoc-roussillon,29,23,23,60,10,13,15:3:0
622,2019-07-21,27,22,17,77,10,8,14:57:0,languedoc-roussillon,27,22,17,77,10,8,14:57:0
623,2019-07-23,30,27,11,68,10,6,14:51:0,provence-alpes-c-te-d-azur,30,27,11,68,10,6,14:51:0
624,2019-07-26,27,23,17,84,10,12,14:47:0,languedoc-roussillon,27,23,17,84,10,12,14:47:0
625,2019-07-29,28,20,29,62,10,1,14:39:0,provence-alpes-c-te-d-azur,28,20,29,62,10,1,14:39:0
626,2019-07-30,29,22,20,59,10,13,14:39:0,languedoc-roussillon,29,22,20,59,10,13,14:39:0
627,2019-07-30,29,22,20,59,10,13,14:39:0,languedoc-roussillon,29,22,20,59,10,13,14:39:0
628,2019-07-31,27,21,18,55,10,20,14:37:0,languedoc-roussillon,27,21,18,55,10,20,14:37:0
629,2019-08-02,29,22,10,63,10,6,14:31:0,languedoc-roussillon,29,22,10,63,10,6,14:31:0
630,2019-08-02,29,22,10,63,10,6,14:31:0,languedoc-roussillon,29,22,10,63,10,6,14:31:0
631,2019-08-02,29,22,10,63,10,6,14:31:0,languedoc-roussillon,29,22,10,63,10,6,14:31:0
632,2019-08-02,29,22,10,63,10,6,14:31:0,languedoc-roussillon,29,22,10,63,10,6,14:31:0
633,2019-08-02,29,22,10,63,10,6,14:31:0,languedoc-roussillon,29,22,10,63,10,6,14:31:0
634,2019-08-03,28,23,17,60,10,4,14:29:0,languedoc-roussillon,28,23,17,60,10,4,14:29:0
635,2019-08-08,28,23,21,67,10,17,14:18:0,languedoc-roussillon,28,23,21,67,10,17,14:18:0
636,2019-08-08,28,23,21,67,10,17,14:18:0,languedoc-roussillon,28,23,21,67,10,17,14:18:0
637,2019-08-12,28,21,17,74,9.75,27,14:7:0,languedoc-roussillon,28,21,17,74,9.75,27,14:7:0
638,2019-08-14,26,19,15,62,10,5,13:56:0,corse,26,19,15,62,10,5,13:56:0
639,2019-08-14,27,20,19,48,10,18,14:2:0,languedoc-roussillon,27,20,19,48,10,18,14:2:0
640,2019-08-14,27,20,19,48,10,18,14:2:0,languedoc-roussillon,27,20,19,48,10,18,14:2:0
641,2019-08-14,27,20,19,48,10,18,14:2:0,languedoc-roussillon,27,20,19,48,10,18,14:2:0
642,2019-08-14,28,19,33,56,10,13,14:2:0,provence-alpes-c-te-d-azur,28,19,33,56,10,13,14:2:0
643,2019-08-26,26,21,17,72,10,5,13:30:0,languedoc-roussillon,26,21,17,72,10,5,13:30:0
644,2019-08-29,28,22,14,70,10,13,13:22:0,languedoc-roussillon,28,22,14,70,10,13,13:22:0
645,2019-08-31,27,23,15,79,9.875,10,13:17:0,languedoc-roussillon,27,23,15,79,9.875,10,13:17:0
646,2019-09-01,28,22,15,72,9.75,20,13:13:0,languedoc-roussillon,28,22,15,72,9.75,20,13:13:0
647,2019-09-04,26,21,15,49,10,2,13:5:0,languedoc-roussillon,26,21,15,49,10,2,13:5:0
648,2019-09-04,26,21,15,49,10,2,13:5:0,languedoc-roussillon,26,21,15,49,10,2,13:5:0
649,2019-09-05,26,20,27,60,10,5,13:2:0,languedoc-roussillon,26,20,27,60,10,5,13:2:0
650,2019-09-05,26,20,27,60,10,5,13:2:0,languedoc-roussillon,26,20,27,60,10,5,13:2:0
651,2019-09-05,25,22,53,56,10,1,13:1:0,provence-alpes-c-te-d-azur,25,22,53,56,10,1,13:1:0
652,2019-09-05,26,20,27,60,10,5,13:2:0,languedoc-roussillon,26,20,27,60,10,5,13:2:0
653,2019-09-06,24,17,28,55,10,4,12:59:0,languedoc-roussillon,24,17,28,55,10,4,12:59:0
654,2019-09-06,24,17,28,55,10,4,12:59:0,languedoc-roussillon,24,17,28,55,10,4,12:59:0
655,2019-09-06,24,17,28,55,10,4,12:59:0,languedoc-roussillon,24,17,28,55,10,4,12:59:0
656,2019-09-06,24,17,28,55,10,4,12:59:0,languedoc-roussillon,24,17,28,55,10,4,12:59:0
657,2019-09-07,25,17,21,47,10,22,12:56:0,languedoc-roussillon,25,17,21,47,10,22,12:56:0
658,2019-09-07,25,17,21,47,10,22,12:56:0,languedoc-roussillon,25,17,21,47,10,22,12:56:0
659,2019-09-08,24,17,16,60,10,6,12:53:0,languedoc-roussillon,24,17,16,60,10,6,12:53:0
660,2019-09-08,22,17,42,61,10,5,12:52:0,provence-alpes-c-te-d-azur,22,17,42,61,10,5,12:52:0
661,2019-09-08,24,17,16,60,10,6,12:53:0,languedoc-roussillon,24,17,16,60,10,6,12:53:0
662,2019-09-10,24,14,9,72,9.375,29,12:44:0,corse,24,14,9,72,9.375,29,12:44:0
663,2019-09-13,28,22,9,52,10,1,12:36:0,corse,28,22,9,52,10,1,12:36:0
664,2019-09-15,25,20,12,64,10,9,12:32:0,languedoc-roussillon,25,20,12,64,10,9,12:32:0
665,2019-09-15,25,20,12,64,10,9,12:32:0,languedoc-roussillon,25,20,12,64,10,9,12:32:0
666,2019-09-17,27,18,9,55,10,3,12:25:0,corse,27,18,9,55,10,3,12:25:0
667,2019-10-04,20,14,10,78,9.875,33,11:38:0,corse,20,14,10,78,9.875,33,11:38:0
668,2019-10-09,22,16,11,75,10,23,11:24:0,corse,22,16,11,75,10,23,11:24:0
669,2020-02-02,15,11,9,90,10,49,10:3:0,corse,15,11,9,90,10,49,10:3:0
670,2020-02-04,15,11,36,79,10,5,10:8:0,corse,15,11,36,79,10,5,10:8:0
671,2020-02-10,13,11,13,94,8.375,89,10:22:0,corse,13,11,13,94,8.375,89,10:22:0
672,2020-02-10,13,11,13,94,8.375,89,10:22:0,corse,13,11,13,94,8.375,89,10:22:0
673,2020-02-10,13,11,13,94,8.375,89,10:22:0,corse,13,11,13,94,8.375,89,10:22:0
674,2020-02-11,14,11,26,91,10,21,10:25:0,corse,14,11,26,91,10,21,10:25:0
675,2020-02-19,13,9,49,57,10,8,10:42:0,provence-alpes-c-te-d-azur,13,9,49,57,10,8,10:42:0
676,2020-02-23,18,12,6,61,10,0,10:52:0,languedoc-roussillon,18,12,6,61,10,0,10:52:0
677,2020-02-23,18,12,6,61,10,0,10:52:0,languedoc-roussillon,18,12,6,61,10,0,10:52:0
678,2020-02-24,18,12,8,63,10,1,10:55:0,languedoc-roussillon,18,12,8,63,10,1,10:55:0
679,2020-02-24,18,12,8,63,10,1,10:55:0,languedoc-roussillon,18,12,8,63,10,1,10:55:0
680,2020-02-26,11,9,59,74,9.875,51,11:5:0,corse,11,9,59,74,9.875,51,11:5:0
681,2020-03-18,15,11,12,79,10,15,12:4:0,languedoc-roussillon,15,11,12,79,10,15,12:4:0
682,2020-04-15,16,12,30,68,10,29,13:28:0,languedoc-roussillon,16,12,30,68,10,29,13:28:0
683,2020-06-05,19,16,34,85,8.625,70,15:6:0,corse,19,16,34,85,8.625,70,15:6:0
684,2020-07-04,29,19,14,59,10,5,15:20:0,languedoc-roussillon,29,19,14,59,10,5,15:20:0
685,2020-07-04,29,19,14,59,10,5,15:20:0,languedoc-roussillon,29,19,14,59,10,5,15:20:0
686,2020-07-05,29,21,10,67,10,10,15:18:0,languedoc-roussillon,29,21,10,67,10,10,15:18:0
687,2020-07-07,27,18,17,55,10,3,15:17:0,languedoc-roussillon,27,18,17,55,10,3,15:17:0
688,2020-07-07,27,18,17,55,10,3,15:17:0,languedoc-roussillon,27,18,17,55,10,3,15:17:0
689,2020-07-08,25,21,18,61,10,3,15:15:0,languedoc-roussillon,25,21,18,61,10,3,15:15:0
690,2020-07-10,30,22,14,69,10,7,15:13:0,languedoc-roussillon,30,22,14,69,10,7,15:13:0
691,2020-07-13,27,22,11,62,10,37,14:58:0,corse,27,22,11,62,10,37,14:58:0
692,2020-07-14,27,22,8,66,10,15,15:7:0,languedoc-roussillon,27,22,8,66,10,15,15:7:0
693,2020-07-17,28,20,24,64,10,16,15:3:0,languedoc-roussillon,28,20,24,64,10,16,15:3:0
694,2020-07-19,27,22,18,64,10,2,14:59:0,languedoc-roussillon,27,22,18,64,10,2,14:59:0
695,2020-07-21,28,20,7,60,10,24,15:6:0,rh-ne-alpes,28,20,7,60,10,24,15:6:0
696,2020-08-01,33,25,21,73,9.875,17,14:33:0,languedoc-roussillon,33,25,21,73,9.875,17,14:33:0
697,2020-08-03,27,23,48,56,10,11,14:27:0,provence-alpes-c-te-d-azur,27,23,48,56,10,11,14:27:0
698,2020-08-03,28,22,31,56,10,11,14:28:0,languedoc-roussillon,28,22,31,56,10,11,14:28:0
699,2020-08-03,27,22,21,77,10,9,14:20:0,corse,27,22,21,77,10,9,14:20:0
700,2020-08-04,26,20,58,56,10,2,14:24:0,provence-alpes-c-te-d-azur,26,20,58,56,10,2,14:24:0
701,2020-08-04,26,20,58,56,10,2,14:24:0,provence-alpes-c-te-d-azur,26,20,58,56,10,2,14:24:0
702,2020-08-04,26,20,58,56,10,2,14:24:0,provence-alpes-c-te-d-azur,26,20,58,56,10,2,14:24:0
703,2020-08-05,26,23,13,53,10,3,14:22:0,provence-alpes-c-te-d-azur,26,23,13,53,10,3,14:22:0
704,2020-08-13,32,26,10,45,10,5,13:56:0,corse,32,26,10,45,10,5,13:56:0
705,2020-08-13,32,26,10,45,10,5,13:56:0,corse,32,26,10,45,10,5,13:56:0
706,2020-08-14,30,22,16,71,9.875,19,14:0:0,languedoc-roussillon,30,22,16,71,9.875,19,14:0:0
707,2020-08-15,30,26,17,61,10,8,13:57:0,provence-alpes-c-te-d-azur,30,26,17,61,10,8,13:57:0
708,2020-08-19,27,23,17,66,10,6,13:48:0,languedoc-roussillon,27,23,17,66,10,6,13:48:0
709,2020-08-21,27,23,15,85,10,4,13:42:0,languedoc-roussillon,27,23,15,85,10,4,13:42:0
710,2020-08-23,28,23,42,54,10,7,13:36:0,provence-alpes-c-te-d-azur,28,23,42,54,10,7,13:36:0
711,2020-08-24,28,21,38,57,10,13,13:33:0,provence-alpes-c-te-d-azur,28,21,38,57,10,13,13:33:0
712,2020-08-26,25,17,9,57,10,8,13:33:0,rh-ne-alpes,25,17,9,57,10,8,13:33:0
713,2020-08-27,29,22,11,57,10,3,13:20:0,corse,29,22,11,57,10,3,13:20:0
714,2020-08-28,28,26,17,71,10,36,13:21:0,provence-alpes-c-te-d-azur,28,26,17,71,10,36,13:21:0
715,2020-09-04,24,19,14,57,10,3,13:2:0,languedoc-roussillon,24,19,14,57,10,3,13:2:0
716,2020-09-06,26,18,10,57,10,2,12:53:0,corse,26,18,10,57,10,2,12:53:0
717,2020-09-07,25,17,23,56,10,11,12:54:0,languedoc-roussillon,25,17,23,56,10,11,12:54:0
718,2020-09-17,28,23,12,61,10,9,12:24:0,languedoc-roussillon,28,23,12,61,10,9,12:24:0
719,2020-11-07,18,14,39,85,9.5,73,9:59:0,languedoc-roussillon,18,14,39,85,9.5,73,9:59:0
